id,first_name,last_name,email,gender,ip_address
1,Sheilakathryn,Stockle,sstockle0@globo.com,Female,48.147.245.165
2,Cos,Simms,csimms1@disqus.com,Male,62.180.154.222
3,Avrit,Benfield,abenfield2@vkontakte.ru,Female,58.205.112.91
4,Leanor,Flucker,lflucker3@ycombinator.com,Female,35.168.108.239
5,Charissa,Camock,ccamock4@wisc.edu,Female,127.221.150.91
6,Cherida,Wapplington,cwapplington5@bloglines.com,Female,18.222.138.67
7,Daffie,Collelton,dcollelton6@prweb.com,Female,155.231.23.32
8,Malory,Hackney,mhackney7@archive.org,Female,53.171.116.229
9,Catrina,Pinnell,cpinnell8@hostgator.com,Female,24.223.245.18
10,Pincus,Dmisek,pdmisek9@twitter.com,Male,133.131.52.51
11,Carleton,Haacker,chaackera@ted.com,Male,243.225.59.236
12,Lothaire,Galletley,lgalletleyb@nih.gov,Male,251.250.205.68
13,Rosalyn,Ducker,rduckerc@ed.gov,Female,94.46.229.175
14,Valentine,Willey,vwilleyd@desdev.cn,Female,15.217.141.252
15,Melina,Del Dello,mdeldelloe@aboutads.info,Female,198.224.38.228
16,Fairfax,Blees,fbleesf@state.tx.us,Male,132.154.23.49
17,Aguste,Dickons,adickonsg@apple.com,Male,205.57.17.190
18,Quint,Hyrons,qhyronsh@oaic.gov.au,Male,202.10.228.176
19,Erminia,Patsall,epatsalli@blogtalkradio.com,Female,245.137.124.161
20,Hanson,Colgan,hcolganj@tumblr.com,Male,97.220.113.116
21,Gabi,McCrie,gmccriek@behance.net,Male,16.79.210.116
22,Diannne,Peever,dpeeverl@tiny.cc,Female,78.59.109.211
23,Brinn,Heenan,bheenanm@indiatimes.com,Female,56.210.27.231
24,Hirsch,Sabben,hsabbenn@marketwatch.com,Male,92.28.30.153
25,Wilhelm,Guilfoyle,wguilfoyleo@w3.org,Male,18.172.65.30
26,Rodolphe,Humpatch,rhumpatchp@tinypic.com,Male,76.237.129.186
27,Betsey,Melmore,bmelmoreq@wufoo.com,Female,209.14.152.31
28,Alexei,Patek,apatekr@scribd.com,Male,71.93.225.125
29,Jade,Poynter,jpoynters@posterous.com,Female,147.22.180.210
30,Joanne,Panyer,jpanyert@jiathis.com,Female,249.22.160.5
31,Judy,Macellar,jmacellaru@example.com,Female,99.50.101.152
32,Lorena,Novello,lnovellov@sogou.com,Female,51.90.102.106
33,Jillane,Willgoose,jwillgoosew@ask.com,Female,223.22.95.142
34,Thorin,Cramp,tcrampx@digg.com,Male,86.114.135.155
35,Bevon,Theis,btheisy@thetimes.co.uk,Male,255.208.190.218
36,Fletch,Everingham,feveringhamz@mysql.com,Male,154.62.225.93
37,Les,Habgood,lhabgood10@friendfeed.com,Male,238.3.110.133
38,Dodie,Pessolt,dpessolt11@mail.ru,Female,157.9.171.159
39,Nanon,Lander,nlander12@taobao.com,Female,108.125.160.214
40,Clarence,Ferber,cferber13@technorati.com,Male,57.153.218.118
41,Franz,Yuryatin,fyuryatin14@vkontakte.ru,Male,13.61.99.117
42,Kasper,McAirt,kmcairt15@parallels.com,Male,19.72.208.4
43,Oralla,Olivi,oolivi16@privacy.gov.au,Female,99.94.226.3
44,Alethea,MacEntee,amacentee17@census.gov,Female,82.113.216.137
45,Darnall,Mollison,dmollison18@smh.com.au,Male,91.60.107.161
46,Conway,Strivens,cstrivens19@uol.com.br,Male,15.244.0.167
47,Conroy,Nyland,cnyland1a@technorati.com,Male,108.66.57.129
48,Baillie,Larrosa,blarrosa1b@nba.com,Male,194.251.115.83
49,Benjie,Gresley,bgresley1c@acquirethisname.com,Male,237.181.31.197
50,Christophorus,Howsley,chowsley1d@examiner.com,Male,132.88.44.35
51,Bibi,Allabarton,ballabarton1e@comcast.net,Female,160.57.28.20
52,Rene,Behrens,rbehrens1f@live.com,Male,24.112.79.25
53,Verge,Duligal,vduligal1g@networkadvertising.org,Male,131.130.150.185
54,Adria,Tennison,atennison1h@google.cn,Female,77.11.202.173
55,Worthy,Dabinett,wdabinett1i@newyorker.com,Male,35.248.238.25
56,Winfield,Boyall,wboyall1j@webeden.co.uk,Male,206.164.15.36
57,Dene,Tomet,dtomet1k@twitter.com,Male,186.44.146.190
58,Yorker,Gallard,ygallard1l@google.ru,Male,48.158.140.170
59,Wallache,Bruna,wbruna1m@ucoz.com,Male,16.88.27.231
60,Muhammad,McClymond,mmcclymond1n@opera.com,Male,230.3.88.155
61,Nolie,Chesley,nchesley1o@exblog.jp,Female,18.64.49.156
62,Gunther,Murrell,gmurrell1p@thetimes.co.uk,Male,85.138.37.186
63,Nap,Roskruge,nroskruge1q@aol.com,Male,126.189.251.234
64,Chad,Jenkison,cjenkison1r@independent.co.uk,Female,141.91.114.155
65,Berky,Hallsworth,bhallsworth1s@google.de,Male,117.240.16.202
66,Beryle,Pitford,bpitford1t@nasa.gov,Female,104.50.199.101
67,Yorgo,Taplow,ytaplow1u@usgs.gov,Male,207.204.247.136
68,Bastien,Poundesford,bpoundesford1v@utexas.edu,Male,79.225.62.182
69,Harv,Ricardet,hricardet1w@businesswire.com,Male,244.141.118.138
70,Ryan,Dukelow,rdukelow1x@baidu.com,Male,25.0.19.7
71,Les,Endon,lendon1y@bigcartel.com,Male,198.31.91.143
72,Dalis,Dory,ddory1z@intel.com,Male,164.11.185.22
73,Justen,Brayford,jbrayford20@businessinsider.com,Male,33.224.47.229
74,Gary,Suttill,gsuttill21@github.com,Male,11.130.213.142
75,Gardiner,Moresby,gmoresby22@bigcartel.com,Male,239.167.62.220
76,Chane,Funnell,cfunnell23@biblegateway.com,Male,75.199.52.163
77,Clemens,Sloley,csloley24@bbc.co.uk,Male,116.149.90.35
78,Foss,McTeggart,fmcteggart25@rediff.com,Male,190.186.248.70
79,Olivia,Tomasino,otomasino26@oaic.gov.au,Female,228.2.88.216
80,Terry,Greetland,tgreetland27@wunderground.com,Male,123.224.168.143
81,Joey,Bauduccio,jbauduccio28@yellowbook.com,Female,243.4.90.160
82,Annis,Henrichs,ahenrichs29@over-blog.com,Female,12.129.15.170
83,Gui,Addenbrooke,gaddenbrooke2a@mozilla.com,Female,164.19.4.117
84,Rand,Hush,rhush2b@admin.ch,Male,30.0.205.126
85,Loella,Hackwell,lhackwell2c@earthlink.net,Female,74.109.52.210
86,Wait,Nappin,wnappin2d@guardian.co.uk,Male,121.89.16.97
87,Tisha,Durban,tdurban2e@google.co.jp,Female,188.231.112.193
88,Stu,Houlahan,shoulahan2f@digg.com,Male,53.178.252.235
89,Melita,Newe,mnewe2g@freewebs.com,Female,34.46.80.117
90,Ferdie,Apark,fapark2h@ted.com,Male,81.151.7.212
91,Leonerd,Decayette,ldecayette2i@networkadvertising.org,Male,47.2.84.163
92,Corbin,Glamart,cglamart2j@t.co,Male,243.33.102.157
93,Taffy,O'Fearguise,tofearguise2k@amazon.co.uk,Female,140.197.95.45
94,Haily,Goch,hgoch2l@ebay.co.uk,Male,59.223.206.44
95,Iormina,Nardrup,inardrup2m@goodreads.com,Female,12.193.83.244
96,Giacomo,Calderon,gcalderon2n@intel.com,Male,216.30.224.95
97,Brocky,McCleod,bmccleod2o@csmonitor.com,Male,33.217.244.165
98,Elita,Connett,econnett2p@indiegogo.com,Female,128.173.7.218
99,Daphna,Desaur,ddesaur2q@51.la,Female,105.216.102.176
100,Colan,Plaunch,cplaunch2r@marketwatch.com,Male,152.140.208.184
101,Yves,Versey,yversey2s@sogou.com,Male,211.91.151.163
102,Osborn,Wyson,owyson2t@youtu.be,Male,222.88.132.4
103,Claiborne,Wynch,cwynch2u@google.com.hk,Male,194.87.177.13
104,Shannah,Roles,sroles2v@youtu.be,Female,147.254.132.132
105,Nan,Toland,ntoland2w@storify.com,Female,249.177.141.83
106,Gregoire,Bardsley,gbardsley2x@blogger.com,Male,33.3.113.244
107,Jaime,Grima,jgrima2y@ucoz.com,Male,56.136.54.110
108,Alleen,Halliday,ahalliday2z@hao123.com,Female,116.175.191.158
109,Tonnie,Knightley,tknightley30@illinois.edu,Male,135.109.88.146
110,Stanfield,Wyborn,swyborn31@about.com,Male,177.137.17.244
111,Janaye,Acum,jacum32@si.edu,Female,38.68.249.253
112,Jammal,Twinning,jtwinning33@biblegateway.com,Male,225.148.222.249
113,Alexander,Lowne,alowne34@pinterest.com,Male,188.119.110.239
114,Rice,Huxtable,rhuxtable35@flavors.me,Male,29.170.13.194
115,Kipp,Duhig,kduhig36@archive.org,Female,144.194.237.127
116,Forester,Pettipher,fpettipher37@prweb.com,Male,16.106.120.83
117,Lamond,Bester,lbester38@networksolutions.com,Male,245.207.153.154
118,Read,Arnaudin,rarnaudin39@barnesandnoble.com,Male,130.162.42.188
119,Alistair,Paddefield,apaddefield3a@europa.eu,Male,189.21.161.183
120,Danette,Askwith,daskwith3b@goo.ne.jp,Female,188.181.190.197
121,Freddie,Rigate,frigate3c@mtv.com,Male,45.218.63.90
122,Laurence,Poleykett,lpoleykett3d@apple.com,Male,80.194.213.0
123,Chere,Rolland,crolland3e@sogou.com,Female,29.185.72.135
124,Ali,Alliston,aalliston3f@etsy.com,Female,209.205.118.172
125,Morgen,Wyrill,mwyrill3g@mashable.com,Male,250.240.184.16
126,Yancey,Bucky,ybucky3h@unblog.fr,Male,203.238.236.182
127,Roda,Scrowby,rscrowby3i@cornell.edu,Female,152.124.49.159
128,Ricard,Jime,rjime3j@timesonline.co.uk,Male,85.31.180.54
129,Andriette,Kirsop,akirsop3k@behance.net,Female,163.57.63.134
130,Gaye,Rennison,grennison3l@ucsd.edu,Female,144.196.243.133
131,Jacenta,Astall,jastall3m@flavors.me,Female,222.69.16.34
132,Karil,Friend,kfriend3n@springer.com,Female,237.71.30.211
133,Gwenora,Locarno,glocarno3o@com.com,Female,222.71.231.108
134,Wallache,Baseke,wbaseke3p@instagram.com,Male,251.60.105.119
135,Aubrey,Elderfield,aelderfield3q@angelfire.com,Male,197.125.193.83
136,Gorden,Haldenby,ghaldenby3r@si.edu,Male,15.60.229.154
137,Oswell,Kays,okays3s@tripod.com,Male,122.119.215.239
138,Romain,Von Brook,rvonbrook3t@google.cn,Male,177.251.88.1
139,Moreen,Hagston,mhagston3u@xrea.com,Female,184.181.193.75
140,Jessalyn,Goldis,jgoldis3v@mit.edu,Female,38.250.23.29
141,Alina,Pinwill,apinwill3w@xinhuanet.com,Female,61.156.14.117
142,Abdul,Ryam,aryam3x@parallels.com,Male,83.229.178.33
143,Zebedee,Luetkemeyer,zluetkemeyer3y@google.fr,Male,160.126.165.53
144,Avis,Vanichkov,avanichkov3z@creativecommons.org,Female,2.57.124.184
145,Jarrid,Pahler,jpahler40@cdbaby.com,Male,211.22.99.50
146,Tandie,Kynton,tkynton41@ucoz.ru,Female,216.149.164.54
147,Mahalia,Seagrove,mseagrove42@amazon.de,Female,47.148.136.183
148,Marty,Wiffill,mwiffill43@nhs.uk,Female,255.109.209.179
149,Talia,Blazej,tblazej44@posterous.com,Female,216.41.196.4
150,Alina,Harsent,aharsent45@i2i.jp,Female,117.112.158.200
151,Philippe,Bootherstone,pbootherstone46@over-blog.com,Female,138.65.150.132
152,Marty,Malsher,mmalsher47@freewebs.com,Female,254.129.228.191
153,Roslyn,Schooley,rschooley48@gizmodo.com,Female,35.54.12.33
154,Fax,Ackerman,fackerman49@china.com.cn,Male,183.177.34.163
155,Gabi,Pasmore,gpasmore4a@goo.ne.jp,Male,222.241.147.253
156,Celeste,Coalbran,ccoalbran4b@skyrock.com,Female,173.202.177.65
157,Cassandre,Kindell,ckindell4c@slideshare.net,Female,205.181.158.205
158,Barbie,Covelle,bcovelle4d@archive.org,Female,81.108.184.196
159,Bevan,Keston,bkeston4e@ftc.gov,Male,158.80.179.71
160,Jere,Pinckstone,jpinckstone4f@g.co,Female,41.72.215.142
161,Dorelia,Toupe,dtoupe4g@nationalgeographic.com,Female,180.238.183.239
162,Maximo,Filgate,mfilgate4h@cpanel.net,Male,210.3.3.124
163,Dorie,Allbones,dallbones4i@whitehouse.gov,Female,186.215.212.30
164,Crosby,Marklund,cmarklund4j@nytimes.com,Male,38.123.111.35
165,Dickie,Hunsworth,dhunsworth4k@kickstarter.com,Male,98.191.79.103
166,Cristina,Rainford,crainford4l@ox.ac.uk,Female,53.188.115.216
167,Giustino,Alders,galders4m@cisco.com,Male,22.48.198.155
168,Amery,Callendar,acallendar4n@amazon.co.jp,Male,133.155.1.23
169,Henry,Flobert,hflobert4o@zdnet.com,Male,250.190.134.171
170,Odette,Royston,oroyston4p@wikia.com,Female,169.180.242.48
171,Sigismundo,Coupe,scoupe4q@google.com,Male,161.191.218.71
172,Raffaello,Ferronier,rferronier4r@icq.com,Male,177.254.235.96
173,Janith,Kevlin,jkevlin4s@blogger.com,Female,44.233.64.33
174,Jana,McKevin,jmckevin4t@nature.com,Female,101.84.156.186
175,Norris,Cobbledick,ncobbledick4u@sciencedaily.com,Male,18.251.20.60
176,Zach,Baldacchino,zbaldacchino4v@cisco.com,Male,54.89.210.149
177,Sherline,Rennicks,srennicks4w@prnewswire.com,Female,207.27.42.243
178,Kelsey,Topley,ktopley4x@nhs.uk,Male,98.100.25.185
179,Courtnay,Baddiley,cbaddiley4y@sciencedirect.com,Male,193.216.85.46
180,Marlyn,Gurr,mgurr4z@t.co,Female,164.119.207.225
181,Mile,Palfree,mpalfree50@friendfeed.com,Male,63.16.13.230
182,Dex,McCreagh,dmccreagh51@blinklist.com,Male,63.112.142.228
183,Xymenes,Gorrick,xgorrick52@sciencedaily.com,Male,25.25.33.162
184,Lyndsay,Janning,ljanning53@fc2.com,Female,100.45.247.188
185,Lonee,Trahearn,ltrahearn54@ask.com,Female,123.28.137.63
186,Misty,Duro,mduro55@squarespace.com,Female,42.15.39.66
187,Gerrilee,Faudrie,gfaudrie56@photobucket.com,Female,192.218.28.197
188,Giulio,Guillet,gguillet57@reddit.com,Male,82.3.131.228
189,Cleveland,Theze,ctheze58@army.mil,Male,178.10.177.145
190,Blakeley,Aucutt,baucutt59@ebay.co.uk,Female,23.68.185.32
191,Lila,Cardon,lcardon5a@technorati.com,Female,44.182.75.119
192,Walsh,Valti,wvalti5b@ucoz.ru,Male,238.125.1.55
193,Lynea,Collinwood,lcollinwood5c@google.de,Female,241.12.158.106
194,Claudine,McSaul,cmcsaul5d@cloudflare.com,Female,128.38.197.190
195,Quint,Mill,qmill5e@blogtalkradio.com,Male,170.67.167.17
196,Toinette,Plaxton,tplaxton5f@archive.org,Female,98.191.21.128
197,Tibold,Wye,twye5g@europa.eu,Male,195.109.52.25
198,Yulma,Berzons,yberzons5h@disqus.com,Male,100.240.22.239
199,Marketa,Dover,mdover5i@nifty.com,Female,62.101.69.112
200,Godard,Lumox,glumox5j@bloomberg.com,Male,203.129.120.227
201,Roseanna,Charlton,rcharlton5k@ovh.net,Female,36.226.68.57
202,Terrie,Woolmore,twoolmore5l@bigcartel.com,Female,63.47.130.35
203,Hermann,Gallaccio,hgallaccio5m@disqus.com,Male,141.177.158.159
204,Sayre,Oldland,soldland5n@bizjournals.com,Male,233.223.178.174
205,Genni,Schukraft,gschukraft5o@etsy.com,Female,228.232.13.100
206,Lon,Hailes,lhailes5p@spotify.com,Male,100.54.140.213
207,Koressa,Sieghard,ksieghard5q@163.com,Female,207.1.241.202
208,Keelia,Hutcheons,khutcheons5r@washington.edu,Female,113.64.206.209
209,Vivyan,Mattia,vmattia5s@loc.gov,Female,87.154.213.218
210,Cris,Soldner,csoldner5t@dagondesign.com,Male,64.147.233.176
211,Tripp,Tart,ttart5u@tumblr.com,Male,50.202.52.250
212,Bettine,Linzey,blinzey5v@guardian.co.uk,Female,180.28.204.197
213,Corena,Gaveltone,cgaveltone5w@bloomberg.com,Female,76.186.123.19
214,Costa,Northcliffe,cnorthcliffe5x@bandcamp.com,Male,175.139.124.141
215,Vinita,McDowall,vmcdowall5y@geocities.jp,Female,201.15.233.57
216,Arlin,Kirby,akirby5z@live.com,Male,183.161.136.132
217,Gabie,Compston,gcompston60@archive.org,Male,215.179.118.128
218,Margalo,Henstridge,mhenstridge61@walmart.com,Female,105.98.96.176
219,Renata,Waldram,rwaldram62@virginia.edu,Female,49.78.28.183
220,Napoleon,Mottram,nmottram63@sphinn.com,Male,40.135.215.0
221,Cordell,Grogona,cgrogona64@ifeng.com,Male,238.226.169.177
222,Cyrus,Britt,cbritt65@mayoclinic.com,Male,107.166.107.158
223,Corbin,Sanday,csanday66@wsj.com,Male,250.219.170.169
224,Bendite,Camps,bcamps67@nsw.gov.au,Female,172.212.251.36
225,Bryce,Sommerville,bsommerville68@constantcontact.com,Male,217.203.1.198
226,Clarie,Record,crecord69@webmd.com,Female,102.214.32.175
227,Hercule,Bell,hbell6a@artisteer.com,Male,188.113.120.187
228,Marcello,Petera,mpetera6b@twitter.com,Male,37.234.22.149
229,Rona,Kira,rkira6c@spiegel.de,Female,52.54.16.222
230,Elmira,Gravatt,egravatt6d@moonfruit.com,Female,153.141.84.125
231,Wake,Bradnam,wbradnam6e@hugedomains.com,Male,128.108.3.5
232,Brantley,Abbitt,babbitt6f@eventbrite.com,Male,95.28.69.98
233,Jaquith,Lomas,jlomas6g@japanpost.jp,Female,228.42.80.200
234,Ninetta,Sousa,nsousa6h@hc360.com,Female,127.9.34.59
235,Gonzales,Mattiuzzi,gmattiuzzi6i@paypal.com,Male,72.48.17.223
236,Jackie,Jeandet,jjeandet6j@webeden.co.uk,Female,51.79.219.122
237,Guinna,Trimble,gtrimble6k@army.mil,Female,149.14.119.1
238,Sonja,Bottomore,sbottomore6l@nih.gov,Female,133.115.88.62
239,Halimeda,Dower,hdower6m@squidoo.com,Female,104.201.16.142
240,Lena,Murty,lmurty6n@salon.com,Female,4.242.80.248
241,Randene,Nealand,rnealand6o@ibm.com,Female,97.238.110.129
242,Sancho,Grimsdike,sgrimsdike6p@dailymail.co.uk,Male,121.178.213.62
243,Jeannie,Minihan,jminihan6q@storify.com,Female,132.165.28.210
244,Raff,Tante,rtante6r@so-net.ne.jp,Male,99.45.167.79
245,Sharlene,Bush,sbush6s@yahoo.com,Female,132.8.53.55
246,Myles,Gilvear,mgilvear6t@buzzfeed.com,Male,131.29.30.213
247,Lambert,Saward,lsaward6u@drupal.org,Male,163.113.243.76
248,Henderson,Rouby,hrouby6v@fotki.com,Male,196.107.176.69
249,Eveline,Groucutt,egroucutt6w@blogspot.com,Female,98.83.110.69
250,Aron,Huxster,ahuxster6x@pbs.org,Male,161.20.235.216
251,Jasen,McAnellye,jmcanellye6y@tiny.cc,Male,65.248.204.162
252,Jarvis,Yarmouth,jyarmouth6z@jugem.jp,Male,14.188.204.9
253,August,Wyburn,awyburn70@shareasale.com,Male,211.31.192.243
254,Reggie,Cahillane,rcahillane71@clickbank.net,Male,167.57.84.83
255,Xenia,Rumsby,xrumsby72@biblegateway.com,Female,67.165.70.243
256,Carlee,Symers,csymers73@statcounter.com,Female,250.144.17.25
257,Dunn,Bartul,dbartul74@jimdo.com,Male,250.133.135.107
258,Dorotea,Jarlmann,djarlmann75@bandcamp.com,Female,142.230.37.250
259,Fielding,Burborough,fburborough76@discovery.com,Male,0.58.143.116
260,Maximilian,Whitcombe,mwhitcombe77@narod.ru,Male,132.210.83.225
261,Arman,Hurdis,ahurdis78@1688.com,Male,123.185.23.74
262,Lothario,Rawlin,lrawlin79@ca.gov,Male,65.19.19.110
263,Milton,Allpress,mallpress7a@networksolutions.com,Male,29.151.183.170
264,Claudina,Swinyard,cswinyard7b@jimdo.com,Female,198.151.138.117
265,Raddie,Santer,rsanter7c@w3.org,Male,249.255.66.149
266,Arvin,Elms,aelms7d@fastcompany.com,Male,225.94.254.72
267,Polly,Bratten,pbratten7e@oaic.gov.au,Female,159.31.3.113
268,Tomas,Marke,tmarke7f@cafepress.com,Male,165.187.15.196
269,Trevor,Burthom,tburthom7g@seesaa.net,Male,31.159.45.240
270,Scotti,Dunckley,sdunckley7h@topsy.com,Male,172.199.101.77
271,Lissy,Jerrold,ljerrold7i@istockphoto.com,Female,154.190.84.121
272,Tarah,Antonetti,tantonetti7j@chicagotribune.com,Female,50.252.150.55
273,Emelina,Wason,ewason7k@who.int,Female,239.96.85.173
274,Reagen,Joye,rjoye7l@hc360.com,Male,150.214.4.126
275,Aguie,Ruslinge,aruslinge7m@prnewswire.com,Male,159.100.201.118
276,Gabriellia,Melvin,gmelvin7n@illinois.edu,Female,139.52.56.112
277,Derby,Bools,dbools7o@buzzfeed.com,Male,8.158.232.139
278,Delmore,Manuely,dmanuely7p@cornell.edu,Male,155.222.206.16
279,Jase,Bidgood,jbidgood7q@statcounter.com,Male,53.3.89.65
280,Kurt,Brambley,kbrambley7r@yahoo.com,Male,52.35.200.49
281,Dame,Rissen,drissen7s@adobe.com,Male,129.88.138.228
282,Any,Haryngton,aharyngton7t@friendfeed.com,Male,119.248.88.70
283,Welch,Giacomazzo,wgiacomazzo7u@pcworld.com,Male,219.179.46.232
284,Vanya,Screwton,vscrewton7v@sakura.ne.jp,Female,112.158.22.164
285,Nola,Whaley,nwhaley7w@histats.com,Female,40.16.19.39
286,Galvin,MacElholm,gmacelholm7x@studiopress.com,Male,204.235.132.39
287,Eve,Nicklin,enicklin7y@cam.ac.uk,Female,71.208.14.71
288,Fidole,Kubat,fkubat7z@illinois.edu,Male,128.7.65.223
289,Rabi,Velte,rvelte80@cam.ac.uk,Male,207.85.119.102
290,Mirabel,Lintill,mlintill81@godaddy.com,Female,222.107.23.187
291,Laverne,Kilmister,lkilmister82@hubpages.com,Female,114.252.255.235
292,Lezley,Coombes,lcoombes83@spotify.com,Male,137.93.85.172
293,Zane,Balmer,zbalmer84@yolasite.com,Male,101.24.3.222
294,Cris,Ellissen,cellissen85@dailymail.co.uk,Female,213.246.105.208
295,Renato,Patillo,rpatillo86@amazon.co.uk,Male,250.73.151.194
296,Garry,Scarf,gscarf87@patch.com,Male,215.117.35.107
297,Luca,Jacobowicz,ljacobowicz88@salon.com,Male,199.159.55.250
298,Melodee,Killeley,mkilleley89@ovh.net,Female,51.22.128.119
299,Itch,Cleife,icleife8a@archive.org,Male,65.125.151.77
300,Loni,Yanshinov,lyanshinov8b@hugedomains.com,Female,130.104.255.228
301,Jackqueline,Shurrock,jshurrock8c@jimdo.com,Female,207.169.200.91
302,Mord,Axtonne,maxtonne8d@gnu.org,Male,124.131.95.206
303,Adah,Gadie,agadie8e@google.es,Female,119.74.34.183
304,Deborah,Beyn,dbeyn8f@barnesandnoble.com,Female,199.171.178.153
305,Hersch,Snoddy,hsnoddy8g@deviantart.com,Male,66.42.57.143
306,Celina,Woodhouse,cwoodhouse8h@mysql.com,Female,177.117.215.203
307,Dasha,Fatkin,dfatkin8i@accuweather.com,Female,195.48.20.80
308,Angela,Kembley,akembley8j@umn.edu,Female,244.73.136.228
309,Priscilla,Harrigan,pharrigan8k@lulu.com,Female,200.70.107.99
310,Jacquetta,Oehm,joehm8l@noaa.gov,Female,159.116.213.167
311,Ardisj,Breewood,abreewood8m@bandcamp.com,Female,159.102.237.55
312,Cairistiona,Matas,cmatas8n@stumbleupon.com,Female,19.254.97.180
313,Steward,Clace,sclace8o@flickr.com,Male,79.181.233.121
314,Reggie,McEvoy,rmcevoy8p@dailymail.co.uk,Female,123.92.137.95
315,Chandra,Bromhead,cbromhead8q@addtoany.com,Female,227.58.51.202
316,Laurella,Castledine,lcastledine8r@dailymotion.com,Female,5.217.159.60
317,Siana,Etty,setty8s@google.co.uk,Female,81.77.20.170
318,Maryellen,Richings,mrichings8t@weibo.com,Female,107.41.191.21
319,Duffy,Mahon,dmahon8u@sphinn.com,Male,182.27.219.240
320,Edee,Konrad,ekonrad8v@imdb.com,Female,13.160.170.34
321,Berty,Dudleston,bdudleston8w@vkontakte.ru,Male,159.35.230.91
322,Cliff,Papa,cpapa8x@topsy.com,Male,110.171.244.102
323,Arlene,Pohling,apohling8y@barnesandnoble.com,Female,146.12.223.144
324,Leanna,Betjes,lbetjes8z@dropbox.com,Female,205.116.178.32
325,Ambur,MacCallum,amaccallum90@disqus.com,Female,18.144.136.141
326,Brandie,Kinforth,bkinforth91@ibm.com,Female,102.195.159.42
327,Joel,Avard,javard92@usa.gov,Male,97.37.221.218
328,Eddy,Tieman,etieman93@shinystat.com,Male,31.255.219.189
329,Camala,Hobbing,chobbing94@scientificamerican.com,Female,44.54.222.16
330,Harold,Hawtry,hhawtry95@salon.com,Male,57.202.136.75
331,Catlee,Lownds,clownds96@dailymail.co.uk,Female,250.203.232.106
332,Clementia,Pochon,cpochon97@independent.co.uk,Female,204.212.39.241
333,Rodney,Edgerton,redgerton98@photobucket.com,Male,193.170.155.94
334,Valentine,Puckey,vpuckey99@oakley.com,Male,134.48.126.18
335,Yevette,Josefer,yjosefer9a@nbcnews.com,Female,142.102.89.242
336,Loraine,Bamlett,lbamlett9b@usgs.gov,Female,222.171.255.71
337,Adrian,Gadsby,agadsby9c@bbb.org,Male,30.2.87.158
338,Laurent,Petrovsky,lpetrovsky9d@oaic.gov.au,Male,74.32.69.117
339,Constantin,Baskett,cbaskett9e@boston.com,Male,53.163.150.223
340,Skelly,Riddel,sriddel9f@wikimedia.org,Male,69.174.220.20
341,Fredrick,Betchley,fbetchley9g@1und1.de,Male,146.46.234.21
342,Christiano,Clemow,cclemow9h@time.com,Male,134.149.81.167
343,Lazar,Lehr,llehr9i@xinhuanet.com,Male,119.20.110.20
344,Vic,Buckston,vbuckston9j@patch.com,Male,60.213.165.123
345,Devora,MacGinlay,dmacginlay9k@multiply.com,Female,192.164.14.224
346,Lorin,Henzer,lhenzer9l@nydailynews.com,Male,20.216.203.54
347,Chris,Cordsen,ccordsen9m@cornell.edu,Female,219.43.0.210
348,Theda,Chelley,tchelley9n@whitehouse.gov,Female,146.72.87.77
349,Stephen,Burlay,sburlay9o@cnn.com,Male,114.221.133.185
350,Fawnia,Penswick,fpenswick9p@163.com,Female,149.228.162.13
351,Sabrina,Sleney,ssleney9q@va.gov,Female,113.207.8.209
352,Lucie,Whalley,lwhalley9r@ucoz.com,Female,180.173.33.77
353,Gianni,Broomhall,gbroomhall9s@ebay.com,Male,179.131.109.144
354,Wood,Huett,whuett9t@ustream.tv,Male,88.93.134.49
355,Barr,Garbert,bgarbert9u@ask.com,Male,88.186.231.116
356,Felita,Sponton,fsponton9v@java.com,Female,187.186.27.105
357,Celestyn,Bleier,cbleier9w@naver.com,Female,198.174.73.132
358,Vachel,Smeeth,vsmeeth9x@rediff.com,Male,175.180.237.139
359,Tess,Salzburg,tsalzburg9y@miibeian.gov.cn,Female,123.61.161.234
360,Ailina,McGrudder,amcgrudder9z@yahoo.co.jp,Female,10.142.161.136
361,Torre,Danat,tdanata0@tinypic.com,Male,135.32.212.131
362,Yettie,Moxom,ymoxoma1@globo.com,Female,228.89.8.134
363,Luther,Iacabucci,liacabuccia2@dmoz.org,Male,200.8.151.111
364,Enos,McPhaden,emcphadena3@addtoany.com,Male,119.244.206.151
365,Wolfy,Dorman,wdormana4@alexa.com,Male,248.170.247.169
366,Judi,Ruecastle,jruecastlea5@privacy.gov.au,Female,95.191.239.28
367,Tobye,Checketts,tcheckettsa6@e-recht24.de,Female,28.120.36.93
368,Camey,Bittany,cbittanya7@wikispaces.com,Male,130.16.84.8
369,Lind,Graveson,lgravesona8@wp.com,Male,178.219.220.229
370,Tessa,Willowby,twillowbya9@soup.io,Female,63.122.133.140
371,Janean,Skillman,jskillmanaa@jimdo.com,Female,67.16.47.230
372,Randene,Creddon,rcreddonab@hexun.com,Female,66.0.241.58
373,Antonin,Venner,avennerac@omniture.com,Male,118.217.245.164
374,Julie,Steven,jstevenad@harvard.edu,Male,29.241.50.23
375,Darren,Maddern,dmaddernae@typepad.com,Male,60.250.174.208
376,Payton,Baxstare,pbaxstareaf@seattletimes.com,Male,31.128.255.186
377,Roderick,Saban,rsabanag@utexas.edu,Male,146.68.128.173
378,Mal,Gooda,mgoodaah@redcross.org,Male,193.186.5.110
379,Kelsey,Shadwick,kshadwickai@icio.us,Female,48.49.79.0
380,Selinda,Ebhardt,sebhardtaj@studiopress.com,Female,164.145.100.193
381,Berenice,Shine,bshineak@ucoz.com,Female,3.124.71.127
382,Rowan,Dallaway,rdallawayal@reddit.com,Male,164.91.77.207
383,Marcus,Proger,mprogeram@ehow.com,Male,52.171.123.96
384,Elianore,Treweek,etreweekan@chicagotribune.com,Female,129.34.4.222
385,Jacob,Fink,jfinkao@cnet.com,Male,72.144.53.72
386,Waylan,Greenland,wgreenlandap@chronoengine.com,Male,173.85.39.96
387,Grata,Bulled,gbulledaq@people.com.cn,Female,107.12.116.188
388,Farris,Death,fdeathar@usa.gov,Male,62.159.246.234
389,Jim,Martonfi,jmartonfias@qq.com,Male,143.251.68.138
390,Tanney,Collacombe,tcollacombeat@weather.com,Male,186.232.197.224
391,Nicol,Bethel,nbethelau@howstuffworks.com,Female,106.181.254.90
392,Benjy,Farlambe,bfarlambeav@squarespace.com,Male,4.68.153.245
393,Ame,Whaymand,awhaymandaw@cdbaby.com,Female,97.167.91.199
394,Bethina,Newart,bnewartax@mediafire.com,Female,146.225.96.217
395,Davin,Thrustle,dthrustleay@youtu.be,Male,36.46.141.58
396,Robbert,Adriani,radrianiaz@istockphoto.com,Male,145.195.239.35
397,Brigida,Toffoloni,btoffolonib0@wiley.com,Female,53.12.122.153
398,Wye,Wenn,wwennb1@wired.com,Male,183.220.216.110
399,Belinda,Airlie,bairlieb2@drupal.org,Female,89.195.212.182
400,Evin,Ferriday,eferridayb3@aboutads.info,Male,75.89.197.29
401,Butch,Braisher,bbraisherb4@scientificamerican.com,Male,186.93.173.102
402,Kirstin,Dengel,kdengelb5@foxnews.com,Female,167.7.62.199
403,Alanah,Yeates,ayeatesb6@icio.us,Female,225.96.60.22
404,Kelcie,Fuchs,kfuchsb7@dailymail.co.uk,Female,74.97.75.26
405,Alfreda,Cossans,acossansb8@soup.io,Female,99.166.175.245
406,Katy,Rothon,krothonb9@google.com.au,Female,27.122.203.156
407,Lucy,Kiddey,lkiddeyba@shareasale.com,Female,131.249.135.74
408,Yard,Shearwood,yshearwoodbb@bloomberg.com,Male,82.250.175.62
409,Cherin,Hattersley,chattersleybc@msu.edu,Female,148.168.55.97
410,Shelagh,Wrettum,swrettumbd@opensource.org,Female,159.66.130.224
411,Freemon,Rayment,fraymentbe@sbwire.com,Male,141.130.38.72
412,Felicle,Romaine,fromainebf@usda.gov,Female,198.228.19.161
413,Viviene,Driffill,vdriffillbg@aol.com,Female,138.100.110.207
414,Almeda,Esilmon,aesilmonbh@mapquest.com,Female,154.206.166.129
415,Edeline,Rushforth,erushforthbi@usa.gov,Female,200.206.80.103
416,Karlis,Kettleson,kkettlesonbj@drupal.org,Male,20.30.116.51
417,Joell,Janjusevic,jjanjusevicbk@seattletimes.com,Female,141.164.50.111
418,Christoffer,McGifford,cmcgiffordbl@live.com,Male,139.123.225.31
419,Neely,Lotze,nlotzebm@google.com.br,Female,137.108.197.177
420,Egbert,Pitceathly,epitceathlybn@illinois.edu,Male,16.22.166.131
421,Raffaello,Oldcote,roldcotebo@studiopress.com,Male,44.255.98.135
422,Brand,Minithorpe,bminithorpebp@lulu.com,Male,249.28.231.164
423,Lelia,Ianniello,lianniellobq@amazon.co.uk,Female,221.107.87.128
424,Jerry,Hurrion,jhurrionbr@comcast.net,Male,3.65.4.147
425,Torre,Beldham,tbeldhambs@hubpages.com,Male,29.230.228.38
426,Chrissy,Cosin,ccosinbt@mozilla.com,Female,143.179.97.100
427,Ardeen,Yerbury,ayerburybu@utexas.edu,Female,85.203.138.187
428,Wernher,Gheraldi,wgheraldibv@fastcompany.com,Male,10.65.77.247
429,Abran,Norbury,anorburybw@prlog.org,Male,58.52.57.194
430,Emilia,Kells,ekellsbx@google.it,Female,88.33.112.247
431,Celestyna,Easen,ceasenby@wiley.com,Female,116.3.176.150
432,Lewiss,Ludlow,lludlowbz@blogspot.com,Male,249.137.233.207
433,Lilith,Billanie,lbillaniec0@theglobeandmail.com,Female,109.30.139.96
434,Vassily,Causley,vcausleyc1@hibu.com,Male,27.141.169.200
435,Raff,de Banke,rdebankec2@xrea.com,Male,254.212.5.79
436,Almira,Hertwell,ahertwellc3@xing.com,Female,253.60.170.26
437,Jessie,Cooney,jcooneyc4@msu.edu,Female,247.157.157.118
438,Patrizius,Wragg,pwraggc5@fastcompany.com,Male,153.89.232.62
439,Orton,McKevin,omckevinc6@networksolutions.com,Male,122.102.85.70
440,Cathie,Keenlyside,ckeenlysidec7@blog.com,Female,94.75.199.58
441,Tabbi,Durrand,tdurrandc8@aboutads.info,Female,178.239.113.150
442,Mahmoud,Kitchenham,mkitchenhamc9@senate.gov,Male,130.117.221.63
443,Cariotta,Death,cdeathca@hhs.gov,Female,153.140.87.61
444,Ellary,Echalier,eechaliercb@msu.edu,Male,144.221.47.149
445,Elbertina,McGifford,emcgiffordcc@purevolume.com,Female,7.33.62.64
446,Ethelin,Piggens,epiggenscd@bing.com,Female,75.98.97.246
447,Amerigo,Waples,awaplesce@weibo.com,Male,65.80.212.205
448,Hewie,Danick,hdanickcf@e-recht24.de,Male,132.45.122.176
449,Jackelyn,Leafe,jleafecg@indiatimes.com,Female,218.44.62.224
450,Malory,Toe,mtoech@yale.edu,Female,242.103.230.29
451,Romeo,Rosthorn,rrosthornci@theglobeandmail.com,Male,172.67.155.99
452,Berni,Iannuzzi,biannuzzicj@umich.edu,Female,156.195.159.52
453,Dyana,Minthorpe,dminthorpeck@webs.com,Female,233.13.113.92
454,Neel,Abbotson,nabbotsoncl@java.com,Male,132.13.202.45
455,Celestina,Witchalls,cwitchallscm@mayoclinic.com,Female,30.195.233.10
456,Elvin,Fabry,efabrycn@nasa.gov,Male,50.17.85.158
457,Kimberli,Clackson,kclacksonco@virginia.edu,Female,126.217.223.209
458,Jeremy,Leicester,jleicestercp@behance.net,Male,148.117.14.198
459,Durante,Hazard,dhazardcq@indiegogo.com,Male,50.195.185.11
460,Kory,Perrygo,kperrygocr@rambler.ru,Male,164.72.12.38
461,Devin,Dowderswell,ddowderswellcs@chronoengine.com,Male,209.71.109.21
462,Kare,Dawid,kdawidct@jugem.jp,Female,225.239.158.196
463,Fredia,Nesfield,fnesfieldcu@uol.com.br,Female,16.204.75.222
464,Kristo,Haulkham,khaulkhamcv@yellowbook.com,Male,237.127.231.41
465,Pamella,Boggers,pboggerscw@wordpress.org,Female,44.202.25.141
466,Carolann,Leidl,cleidlcx@who.int,Female,160.234.113.169
467,Boyd,Djekovic,bdjekoviccy@lycos.com,Male,232.86.227.8
468,Joela,Maccrea,jmaccreacz@cornell.edu,Female,181.169.189.238
469,Reinhold,Yesinov,ryesinovd0@adobe.com,Male,122.73.250.23
470,Clark,Erington,ceringtond1@tripadvisor.com,Male,86.101.22.171
471,Willie,Tonkinson,wtonkinsond2@washingtonpost.com,Male,4.155.229.111
472,Daven,Domone,ddomoned3@nhs.uk,Male,136.122.93.249
473,Bridget,Stride,bstrided4@weibo.com,Female,10.144.35.73
474,Talya,Okenden,tokendend5@blogspot.com,Female,30.124.135.254
475,Aristotle,Ledford,aledfordd6@sogou.com,Male,0.245.176.47
476,Gwenni,Tippings,gtippingsd7@tamu.edu,Female,135.126.21.158
477,Car,Hefferon,chefferond8@weibo.com,Male,102.3.140.225
478,Duane,Chatband,dchatbandd9@discovery.com,Male,229.61.150.70
479,Kenny,Dunbar,kdunbarda@gizmodo.com,Male,126.197.142.53
480,Axel,Cardew,acardewdb@mit.edu,Male,223.229.32.102
481,Avram,Valentine,avalentinedc@scribd.com,Male,31.243.33.15
482,Analiese,Gerlack,agerlackdd@hp.com,Female,0.32.206.230
483,Avrit,Fears,afearsde@bluehost.com,Female,187.48.59.94
484,Philipa,Lannen,plannendf@de.vu,Female,40.18.178.247
485,Jacklin,Dainter,jdainterdg@phpbb.com,Female,80.28.57.41
486,Emma,Buswell,ebuswelldh@bing.com,Female,15.54.49.174
487,Stanislaus,Shaves,sshavesdi@deviantart.com,Male,94.37.29.65
488,Berta,Gair,bgairdj@php.net,Female,24.247.143.22
489,Nil,Titta,ntittadk@usa.gov,Male,12.43.10.20
490,Casandra,Normaville,cnormavilledl@newyorker.com,Female,126.26.241.8
491,Judie,Olden,joldendm@chicagotribune.com,Female,122.71.3.183
492,Hansiain,Durrett,hdurrettdn@g.co,Male,186.62.76.1
493,Blondy,Baldacco,bbaldaccodo@blogs.com,Female,123.60.148.50
494,Lalo,Montford,lmontforddp@salon.com,Male,172.57.106.197
495,Car,Bergstrand,cbergstranddq@opera.com,Male,181.225.167.162
496,Allys,Arnli,aarnlidr@guardian.co.uk,Female,183.239.95.31
497,Brook,Laux,blauxds@mac.com,Male,33.250.126.124
498,Brook,Wiggington,bwiggingtondt@oracle.com,Male,166.64.197.204
499,Nessa,Chasmar,nchasmardu@prnewswire.com,Female,236.228.222.16
500,Darleen,Blacket,dblacketdv@noaa.gov,Female,140.144.45.17
501,Odessa,Cooper,ocooperdw@cnn.com,Female,44.134.50.35
502,Brockie,Dullard,bdullarddx@e-recht24.de,Male,151.116.247.220
503,Bary,Talbot,btalbotdy@unblog.fr,Male,255.39.8.194
504,Shirley,Seakin,sseakindz@newsvine.com,Female,11.115.112.93
505,Kelsi,Malyon,kmalyone0@squarespace.com,Female,36.165.229.40
506,Hobard,Troppmann,htroppmanne1@feedburner.com,Male,138.138.6.76
507,Theadora,Cheeseman,tcheesemane2@arstechnica.com,Female,195.214.149.208
508,Andreas,Pedwell,apedwelle3@guardian.co.uk,Male,2.145.194.147
509,Winni,O'Feeney,wofeeneye4@tripadvisor.com,Female,150.157.18.43
510,Logan,Stiant,lstiante5@independent.co.uk,Male,205.221.171.254
511,Quinlan,Itzchaky,qitzchakye6@privacy.gov.au,Male,123.36.149.175
512,Levey,Meltetal,lmeltetale7@dmoz.org,Male,32.28.37.61
513,Hendrika,McGettrick,hmcgettricke8@yelp.com,Female,200.234.122.166
514,Gorden,Jaimez,gjaimeze9@pen.io,Male,92.162.255.58
515,Kimbra,Dandison,kdandisonea@squarespace.com,Female,67.131.205.239
516,Bondy,Blader,bbladereb@comsenz.com,Male,211.208.10.62
517,Dennis,Loody,dloodyec@deliciousdays.com,Male,254.218.185.71
518,Niven,Menauteau,nmenauteaued@yolasite.com,Male,247.210.175.167
519,Latisha,O'Sculley,losculleyee@goo.gl,Female,153.129.17.189
520,Viv,Grayley,vgrayleyef@opensource.org,Female,225.102.81.177
521,Janette,Clemitt,jclemitteg@google.it,Female,71.115.192.117
522,Jake,Dannell,jdannelleh@independent.co.uk,Male,24.137.57.81
523,Ellissa,Mitchiner,emitchinerei@php.net,Female,100.18.31.106
524,Conny,Gini,cginiej@berkeley.edu,Male,141.41.214.12
525,Archibaldo,Curedale,acuredaleek@linkedin.com,Male,189.19.174.154
526,Devinne,Eccleshare,deccleshareel@php.net,Female,50.100.48.219
527,Ilyse,Hardisty,ihardistyem@hao123.com,Female,226.229.37.12
528,Siusan,Whannel,swhannelen@google.co.jp,Female,76.93.162.78
529,Rosalinda,Trimme,rtrimmeeo@creativecommons.org,Female,228.191.22.83
530,Reade,Jiruca,rjirucaep@barnesandnoble.com,Male,145.202.159.90
531,Trever,Gudeman,tgudemaneq@wsj.com,Male,96.199.56.198
532,Dan,Yglesia,dyglesiaer@webs.com,Male,250.18.36.194
533,Kiersten,Giovannoni,kgiovannonies@1und1.de,Female,91.209.65.98
534,Mae,Pegg,mpegget@sogou.com,Female,152.1.39.182
535,Leela,McCane,lmccaneeu@forbes.com,Female,16.6.210.102
536,Reed,Tubbles,rtubblesev@4shared.com,Male,178.121.202.41
537,Marcia,Fanton,mfantonew@hc360.com,Female,86.59.94.177
538,Shanda,Kiessel,skiesselex@usatoday.com,Female,44.202.211.148
539,Silvie,Mumm,smummey@creativecommons.org,Female,30.78.179.112
540,Nero,Mayes,nmayesez@cocolog-nifty.com,Male,230.209.251.145
541,Mignon,Ayliff,maylifff0@irs.gov,Female,199.67.204.158
542,Merrel,Cundict,mcundictf1@4shared.com,Male,80.134.10.7
543,Norry,Gifford,ngiffordf2@nature.com,Male,139.190.178.209
544,Wallas,Maultby,wmaultbyf3@uiuc.edu,Male,155.157.98.153
545,Frayda,Haddinton,fhaddintonf4@nature.com,Female,115.61.155.161
546,Feodor,McGinnell,fmcginnellf5@mediafire.com,Male,118.80.0.159
547,Perrine,Worrell,pworrellf6@mtv.com,Female,214.199.211.117
548,Barney,Beadnall,bbeadnallf7@skype.com,Male,185.248.110.82
549,Elvin,Berthome,eberthomef8@amazon.de,Male,80.20.218.185
550,Cord,Southerton,csouthertonf9@smugmug.com,Male,95.64.179.108
551,Ragnar,Wishart,rwishartfa@stumbleupon.com,Male,116.10.114.65
552,Raphael,Lyall,rlyallfb@jigsy.com,Male,206.65.1.214
553,Barbey,Atherton,bathertonfc@jiathis.com,Female,42.139.66.215
554,Joya,Luckes,jluckesfd@cdc.gov,Female,2.232.163.222
555,Fielding,Pessel,fpesselfe@reverbnation.com,Male,246.96.177.10
556,Loralyn,Tume,ltumeff@mozilla.com,Female,41.183.111.226
557,Jodi,Fawcus,jfawcusfg@typepad.com,Male,93.200.86.171
558,Prisca,Crockatt,pcrockattfh@theatlantic.com,Female,155.136.228.155
559,Warren,Grube,wgrubefi@unblog.fr,Male,135.37.117.66
560,Merwin,Tumulty,mtumultyfj@va.gov,Male,33.3.189.34
561,Monica,Munby,mmunbyfk@prnewswire.com,Female,133.251.73.65
562,Brenda,Matoshin,bmatoshinfl@umn.edu,Female,109.223.255.52
563,Boyce,Oldnall,boldnallfm@cam.ac.uk,Male,209.23.5.62
564,Burty,Furness,bfurnessfn@cnbc.com,Male,107.189.120.182
565,Nedda,Joisce,njoiscefo@sbwire.com,Female,9.42.10.176
566,Di,Broggio,dbroggiofp@livejournal.com,Female,42.227.124.139
567,Brent,Newrick,bnewrickfq@cam.ac.uk,Male,147.108.148.129
568,Malory,Bartomieu,mbartomieufr@godaddy.com,Female,75.13.28.148
569,Doy,Conybear,dconybearfs@mysql.com,Male,192.129.180.185
570,Melisse,Phateplace,mphateplaceft@nifty.com,Female,149.127.139.201
571,Fey,Cohrs,fcohrsfu@taobao.com,Female,209.134.63.61
572,Kalvin,De Simone,kdesimonefv@woothemes.com,Male,164.196.177.249
573,Ive,Lillo,ilillofw@etsy.com,Male,4.224.49.70
574,Farlay,Ivatts,fivattsfx@si.edu,Male,152.204.255.77
575,Amble,Tobias,atobiasfy@wiley.com,Male,115.182.13.146
576,Sarena,Dowdney,sdowdneyfz@earthlink.net,Female,29.133.6.215
577,Son,Meffin,smeffing0@sohu.com,Male,120.81.12.92
578,Gordie,McCaster,gmccasterg1@weibo.com,Male,204.201.170.83
579,Terry,Paskerful,tpaskerfulg2@pbs.org,Female,148.24.216.32
580,Elladine,Leadstone,eleadstoneg3@economist.com,Female,33.70.135.16
581,Fielding,Enefer,feneferg4@nydailynews.com,Male,189.166.11.14
582,Desiri,Gye,dgyeg5@dot.gov,Female,83.237.96.37
583,Drew,Weippert,dweippertg6@discovery.com,Male,159.232.84.76
584,Ives,Fellona,ifellonag7@geocities.jp,Male,168.233.135.54
585,Alex,Mollene,amolleneg8@springer.com,Male,218.24.130.148
586,Carmencita,Zambonini,czamboninig9@twitpic.com,Female,55.9.145.38
587,Maryanna,Mecco,mmeccoga@mapy.cz,Female,255.105.65.254
588,Matilda,Barrack,mbarrackgb@baidu.com,Female,190.11.149.87
589,Selig,Tyndall,styndallgc@amazon.co.jp,Male,247.8.205.192
590,Ahmad,Toyer,atoyergd@rediff.com,Male,158.177.75.201
591,Magdalen,Fenlon,mfenlonge@homestead.com,Female,242.64.50.134
592,Danielle,Djokic,ddjokicgf@miitbeian.gov.cn,Female,5.128.52.211
593,Cordie,Bernardet,cbernardetgg@e-recht24.de,Male,110.124.210.93
594,Bartholomeo,Ferrettini,bferrettinigh@ezinearticles.com,Male,173.122.96.126
595,Katrina,Matuszak,kmatuszakgi@ifeng.com,Female,209.114.55.26
596,Huey,Cornwell,hcornwellgj@ft.com,Male,77.178.21.160
597,Dominic,Seven,dsevengk@sphinn.com,Male,149.99.180.111
598,Malanie,Loblie,mlobliegl@geocities.jp,Female,3.220.127.70
599,Mira,Duer,mduergm@zdnet.com,Female,234.46.86.87
600,Edi,Pinckney,epinckneygn@skyrock.com,Female,47.3.20.43
601,Emanuel,Hartwell,ehartwellgo@intel.com,Male,215.61.225.25
602,Anderson,Filliskirk,afilliskirkgp@merriam-webster.com,Male,162.108.164.181
603,Brook,Euels,beuelsgq@google.nl,Female,23.4.22.71
604,Victoir,Shankle,vshanklegr@ted.com,Male,6.107.83.123
605,Cherry,McLise,cmclisegs@blogtalkradio.com,Female,169.165.149.4
606,Dulcinea,McPaike,dmcpaikegt@google.co.jp,Female,204.253.18.63
607,Chauncey,Strick,cstrickgu@opensource.org,Male,1.251.246.214
608,Maye,Keddie,mkeddiegv@ucoz.ru,Female,107.84.149.54
609,Patrizio,Durnill,pdurnillgw@hubpages.com,Male,121.201.206.2
610,Edgard,O'Loughlin,eoloughlingx@qq.com,Male,218.243.49.68
611,Chadwick,Sisson,csissongy@paginegialle.it,Male,110.37.91.63
612,Chantal,Whitehurst,cwhitehurstgz@simplemachines.org,Female,157.114.31.24
613,Max,Darville,mdarvilleh0@umich.edu,Male,93.228.73.76
614,Romonda,Warmisham,rwarmishamh1@huffingtonpost.com,Female,74.255.155.220
615,Normie,Mosdall,nmosdallh2@instagram.com,Male,85.152.17.102
616,Dukey,Gilhouley,dgilhouleyh3@gravatar.com,Male,128.104.21.74
617,Skye,Hucke,shuckeh4@nsw.gov.au,Male,208.136.136.11
618,Tremaine,Daye,tdayeh5@fc2.com,Male,146.186.243.126
619,Dan,Shepheard,dshepheardh6@sfgate.com,Male,234.0.178.229
620,Nicki,MacAnespie,nmacanespieh7@odnoklassniki.ru,Female,158.197.210.182
621,Carlita,Bonnavant,cbonnavanth8@sakura.ne.jp,Female,250.107.198.73
622,Eydie,Keig,ekeigh9@newsvine.com,Female,134.212.162.75
623,John,Guiden,jguidenha@umich.edu,Male,51.208.136.217
624,Steffi,Samms,ssammshb@freewebs.com,Female,51.197.170.54
625,Travis,Deniscke,tdenisckehc@hugedomains.com,Male,79.182.87.203
626,Ambrosius,Polk,apolkhd@ihg.com,Male,14.94.189.10
627,Vernon,Riddles,vriddleshe@reddit.com,Male,83.225.96.165
628,Phyllis,Goodram,pgoodramhf@deviantart.com,Female,254.231.145.226
629,Clare,Kasher,ckasherhg@google.es,Female,218.179.31.186
630,Jeramey,Duiged,jduigedhh@adobe.com,Male,43.240.31.63
631,Dru,Gantzman,dgantzmanhi@cbslocal.com,Female,132.90.48.252
632,Kakalina,De Lorenzo,kdelorenzohj@npr.org,Female,246.128.204.17
633,Jephthah,Godfray,jgodfrayhk@pbs.org,Male,180.77.83.202
634,Kathrine,Featherstonhaugh,kfeatherstonhaughhl@tripod.com,Female,62.220.204.68
635,Vilhelmina,Muller,vmullerhm@quantcast.com,Female,76.21.5.81
636,Hildagard,Barti,hbartihn@ibm.com,Female,44.186.18.223
637,Madalyn,Hardi,mhardiho@utexas.edu,Female,77.169.35.100
638,Barbey,Tirkin,btirkinhp@mashable.com,Female,214.54.24.39
639,Barnaby,Klaas,bklaashq@typepad.com,Male,192.190.72.54
640,Ellette,Behan,ebehanhr@sina.com.cn,Female,180.103.142.47
641,Kamillah,Keasy,kkeasyhs@elpais.com,Female,90.138.48.73
642,Sheelah,Kibbey,skibbeyht@deliciousdays.com,Female,198.142.155.90
643,Zondra,Carriage,zcarriagehu@unesco.org,Female,3.110.190.98
644,Bobinette,Matthias,bmatthiashv@eventbrite.com,Female,15.160.184.111
645,Ingemar,Elcott,ielcotthw@ehow.com,Male,203.132.32.106
646,Darrelle,Wallas,dwallashx@ed.gov,Female,196.245.232.163
647,Codie,Vanacci,cvanaccihy@sfgate.com,Male,94.105.129.249
648,Micheal,Pashenkov,mpashenkovhz@paginegialle.it,Male,82.162.176.153
649,Garik,De Hailes,gdehailesi0@icio.us,Male,164.19.49.43
650,Betteanne,Eykel,beykeli1@seattletimes.com,Female,37.194.158.18
651,Tyler,Loines,tloinesi2@rediff.com,Male,112.116.191.31
652,Demetrius,Teliga,dteligai3@miitbeian.gov.cn,Male,61.148.111.146
653,Rowland,Matskiv,rmatskivi4@businessweek.com,Male,7.64.132.177
654,Meredithe,Desorts,mdesortsi5@cyberchimps.com,Female,253.175.111.54
655,Cherise,Petkovic,cpetkovici6@wsj.com,Female,148.70.157.15
656,Skye,Smerdon,ssmerdoni7@earthlink.net,Male,30.247.58.44
657,Flynn,Bolter,fbolteri8@google.cn,Male,176.45.80.185
658,Min,Fraczek,mfraczeki9@naver.com,Female,43.172.236.231
659,Kristin,Glide,kglideia@netlog.com,Female,47.25.33.53
660,Nissie,McClelland,nmcclellandib@dion.ne.jp,Female,131.125.188.220
661,Ginger,Albisser,galbisseric@soup.io,Male,200.144.83.77
662,Avram,Maryska,amaryskaid@wix.com,Male,97.109.158.157
663,Lian,Tatchell,ltatchellie@woothemes.com,Female,185.112.201.122
664,Leanor,Brumpton,lbrumptonif@aol.com,Female,154.252.77.5
665,Quentin,Ockleshaw,qockleshawig@issuu.com,Female,206.212.68.86
666,Heidi,Enriquez,henriquezih@wiley.com,Female,172.23.17.133
667,Celesta,Dutton,cduttonii@dailymail.co.uk,Female,227.87.219.155
668,Aurilia,Birtchnell,abirtchnellij@lulu.com,Female,115.98.119.139
669,Emmerich,Snead,esneadik@sogou.com,Male,233.136.152.239
670,Nomi,Ivimy,nivimyil@storify.com,Female,132.29.129.184
671,Dannel,Armfirld,darmfirldim@csmonitor.com,Male,112.42.206.213
672,Gerek,Bennett,gbennettin@dmoz.org,Male,77.38.96.72
673,Deeanne,Yuranovev,dyuranovevio@fotki.com,Female,15.197.99.148
674,Kearney,Stave,kstaveip@fotki.com,Male,146.89.44.54
675,Thoma,Eam,teamiq@skype.com,Male,41.119.53.11
676,Ansley,Hazel,ahazelir@fc2.com,Female,68.133.193.245
677,Joshua,Froom,jfroomis@statcounter.com,Male,14.209.246.39
678,Marsha,Boggis,mboggisit@purevolume.com,Female,81.176.70.100
679,Ruthi,State,rstateiu@jigsy.com,Female,18.156.15.192
680,Marika,Roskam,mroskamiv@tripod.com,Female,89.234.198.160
681,Winnifred,Pharaoh,wpharaohiw@about.com,Female,109.37.124.44
682,Felicia,Andras,fandrasix@disqus.com,Female,76.36.146.76
683,Frank,Ginner,fginneriy@purevolume.com,Female,181.115.248.78
684,Amalita,Murch,amurchiz@xinhuanet.com,Female,108.24.207.213
685,Thedrick,Melonby,tmelonbyj0@prnewswire.com,Male,203.83.178.120
686,Ettore,Pollicote,epollicotej1@java.com,Male,186.112.91.107
687,Sharia,Ranald,sranaldj2@ovh.net,Female,205.254.209.90
688,Kayla,Trebble,ktrebblej3@aboutads.info,Female,41.174.137.89
689,Maxine,Baudrey,mbaudreyj4@plala.or.jp,Female,209.222.220.241
690,Jody,Cattermole,jcattermolej5@so-net.ne.jp,Male,7.240.245.142
691,Reine,Bedham,rbedhamj6@angelfire.com,Female,253.45.103.76
692,Tresa,Trustram,ttrustramj7@admin.ch,Female,193.252.158.236
693,Dick,Jagger,djaggerj8@google.cn,Male,190.170.128.198
694,Steve,Papierz,spapierzj9@mozilla.org,Male,206.251.248.156
695,Bastien,Leete,bleeteja@sogou.com,Male,52.158.139.16
696,Granny,Goodburn,ggoodburnjb@techcrunch.com,Male,201.154.217.234
697,Esme,Keen,ekeenjc@meetup.com,Female,127.62.54.48
698,Mackenzie,Giffaut,mgiffautjd@fastcompany.com,Male,151.235.250.222
699,Aldon,Storey,astoreyje@gizmodo.com,Male,175.53.102.112
700,Warren,Krug,wkrugjf@ucoz.ru,Male,166.131.94.203
701,Nikaniki,Mordaunt,nmordauntjg@about.me,Female,118.86.177.24
702,Cristionna,Sesser,csesserjh@g.co,Female,75.82.132.150
703,Idelle,Kitman,ikitmanji@canalblog.com,Female,100.36.0.162
704,Janie,Thorndycraft,jthorndycraftjj@php.net,Female,192.62.30.165
705,Alric,Goodbur,agoodburjk@usnews.com,Male,244.249.57.242
706,Kim,Karmel,kkarmeljl@blogs.com,Female,216.166.182.202
707,Burgess,Sitlington,bsitlingtonjm@blogs.com,Male,87.141.213.138
708,Alick,Aldus,aaldusjn@slate.com,Male,22.234.51.20
709,Ferguson,Castanos,fcastanosjo@opensource.org,Male,255.238.255.167
710,Jude,Linton,jlintonjp@a8.net,Male,165.135.109.13
711,Emmott,Menelaws,emenelawsjq@sphinn.com,Male,21.168.150.232
712,Andros,Flea,afleajr@infoseek.co.jp,Male,167.157.197.130
713,Terri,Pandie,tpandiejs@multiply.com,Male,217.45.126.232
714,Paulie,Barles,pbarlesjt@walmart.com,Male,8.63.43.132
715,Benedicta,Seniour,bseniourju@cam.ac.uk,Female,77.252.107.158
716,Carry,Shireff,cshireffjv@bigcartel.com,Female,219.119.0.169
717,Bertie,Esberger,besbergerjw@arizona.edu,Male,42.184.209.13
718,Myrtia,Penwell,mpenwelljx@redcross.org,Female,219.220.47.164
719,Cass,Maior,cmaiorjy@berkeley.edu,Male,109.45.73.94
720,Westbrook,Emblow,wemblowjz@google.de,Male,204.209.102.147
721,Spike,Allom,sallomk0@facebook.com,Male,176.125.61.10
722,Nico,Paik,npaikk1@un.org,Male,144.40.192.162
723,Saloma,Kelinge,skelingek2@netscape.com,Female,85.161.105.23
724,Donnamarie,Fluck,dfluckk3@discovery.com,Female,34.96.57.161
725,Anna-diana,Hagart,ahagartk4@telegraph.co.uk,Female,120.248.217.34
726,Lelia,Underdown,lunderdownk5@google.nl,Female,29.84.223.68
727,Yvor,Morkham,ymorkhamk6@dot.gov,Male,16.225.77.29
728,Jacqui,Fallawe,jfallawek7@dell.com,Female,184.245.152.146
729,Ingunna,Champion,ichampionk8@admin.ch,Female,104.109.195.10
730,Fiorenze,Bilbery,fbilberyk9@moonfruit.com,Female,206.240.251.175
731,Nanette,Vasyukov,nvasyukovka@senate.gov,Female,204.233.82.16
732,Gweneth,Postin,gpostinkb@guardian.co.uk,Female,204.197.124.240
733,Maurizio,Cordero,mcorderokc@trellian.com,Male,173.171.64.36
734,Giffard,Wivell,gwivellkd@shutterfly.com,Male,152.180.208.127
735,Berni,Nilles,bnilleske@comsenz.com,Female,161.99.117.128
736,Sabine,Jantot,sjantotkf@mediafire.com,Female,158.86.71.189
737,Bevvy,Tatersale,btatersalekg@i2i.jp,Female,102.142.38.122
738,Cornall,Montes,cmonteskh@utexas.edu,Male,27.237.90.103
739,Jone,Ewles,jewleski@goo.gl,Male,220.33.29.81
740,Vera,Layfield,vlayfieldkj@imageshack.us,Female,40.197.168.213
741,Gerard,Cranny,gcrannykk@wisc.edu,Male,164.114.90.116
742,Taylor,Gretton,tgrettonkl@youtube.com,Male,225.173.13.154
743,Agnola,Rown,arownkm@pinterest.com,Female,29.81.53.243
744,Rudolph,Skune,rskunekn@surveymonkey.com,Male,102.34.161.35
745,Griselda,Quail,gquailko@symantec.com,Female,70.90.143.222
746,Gilberte,Delle,gdellekp@sitemeter.com,Female,19.80.44.53
747,Graham,Pendock,gpendockkq@bbc.co.uk,Male,111.248.64.103
748,Goldia,Palfreyman,gpalfreymankr@creativecommons.org,Female,232.159.164.98
749,Jarrad,Gillespey,jgillespeyks@istockphoto.com,Male,202.204.187.136
750,Gertie,Piddlesden,gpiddlesdenkt@kickstarter.com,Female,187.57.109.221
751,Mamie,May,mmayku@smugmug.com,Female,37.233.156.43
752,Cornie,Finlayson,cfinlaysonkv@wikimedia.org,Male,69.46.116.150
753,Domini,Rozet,drozetkw@biglobe.ne.jp,Female,207.234.159.213
754,Mart,Wilflinger,mwilflingerkx@theglobeandmail.com,Male,74.137.211.125
755,Jacinta,Lougheed,jlougheedky@exblog.jp,Female,2.243.229.211
756,Lind,Hacquoil,lhacquoilkz@mapquest.com,Male,29.246.181.95
757,Krystalle,Manilow,kmanilowl0@boston.com,Female,1.240.228.53
758,Nathanial,Shalcros,nshalcrosl1@sciencedaily.com,Male,16.152.53.230
759,Perceval,Rudolph,prudolphl2@goo.gl,Male,39.251.239.24
760,Marietta,Loan,mloanl3@simplemachines.org,Male,12.59.6.250
761,Mathew,Piercy,mpiercyl4@uiuc.edu,Male,113.131.173.13
762,Ame,Dovey,adoveyl5@sohu.com,Female,83.64.11.29
763,Thorin,Garth,tgarthl6@gizmodo.com,Male,194.179.231.222
764,Myrle,Mattei,mmatteil7@ox.ac.uk,Female,87.105.4.3
765,Timmy,Roofe,troofel8@multiply.com,Female,231.171.187.217
766,Joey,McKitterick,jmckitterickl9@huffingtonpost.com,Female,175.237.63.247
767,Care,Bernardinelli,cbernardinellila@ebay.com,Male,138.8.49.158
768,Cinnamon,Rocks,crockslb@mail.ru,Female,83.211.193.219
769,Kelsey,McAllister,kmcallisterlc@boston.com,Male,88.57.42.44
770,Demetra,Avis,davisld@phoca.cz,Female,159.123.214.109
771,Bendite,Simmonett,bsimmonettle@zdnet.com,Female,241.31.6.183
772,Daryl,Hollingby,dhollingbylf@slashdot.org,Female,159.210.56.1
773,Andres,Bollins,abollinslg@earthlink.net,Male,20.150.222.155
774,Arlana,Vittori,avittorilh@hibu.com,Female,165.36.206.19
775,Mariquilla,Rosenthaler,mrosenthalerli@dailymail.co.uk,Female,72.212.85.57
776,Zolly,Forestel,zforestellj@g.co,Male,179.33.54.209
777,Aubrie,Marney,amarneylk@phpbb.com,Female,161.41.231.223
778,Shay,Crowhurst,scrowhurstll@nsw.gov.au,Female,245.255.17.185
779,Sada,Leatherland,sleatherlandlm@blinklist.com,Female,49.36.170.54
780,Rodolphe,Palia,rpalialn@themeforest.net,Male,138.219.242.118
781,Carmelina,Saltsberg,csaltsberglo@1und1.de,Female,222.107.32.38
782,Babbette,Treanor,btreanorlp@telegraph.co.uk,Female,244.41.59.42
783,Bridie,Stappard,bstappardlq@irs.gov,Female,89.178.173.185
784,Gratia,Putland,gputlandlr@imageshack.us,Female,254.1.225.190
785,Justen,Bartoszinski,jbartoszinskils@cbslocal.com,Male,147.49.157.217
786,Brunhilde,Leece,bleecelt@youtube.com,Female,7.102.80.116
787,Coral,Gayne,cgaynelu@japanpost.jp,Female,231.189.162.65
788,Eward,Grcic,egrciclv@slashdot.org,Male,229.193.165.202
789,Balduin,Kurt,bkurtlw@comsenz.com,Male,33.124.61.213
790,Suellen,Brunton,sbruntonlx@army.mil,Female,219.240.87.234
791,Shandeigh,Rawson,srawsonly@last.fm,Female,102.44.206.206
792,Forrester,Lampet,flampetlz@tmall.com,Male,39.81.220.80
793,Emlyn,Yankov,eyankovm0@google.fr,Male,172.32.51.228
794,Fergus,Firth,ffirthm1@wisc.edu,Male,153.242.238.3
795,Stormy,Stitwell,sstitwellm2@sciencedirect.com,Female,84.26.240.17
796,Frank,Rowaszkiewicz,frowaszkiewiczm3@mlb.com,Female,229.68.182.245
797,Torey,Phipp,tphippm4@salon.com,Female,239.81.107.49
798,Artus,O'Lennane,aolennanem5@nifty.com,Male,102.116.125.113
799,Donalt,Tewkesbury,dtewkesburym6@npr.org,Male,125.117.211.41
800,Graig,Blucher,gblucherm7@zimbio.com,Male,186.210.93.51
801,Sergent,Drever,sdreverm8@github.io,Male,148.54.35.5
802,Florida,Slayny,fslaynym9@army.mil,Female,104.110.64.170
803,Tully,Capewell,tcapewellma@pinterest.com,Male,162.222.102.92
804,Karlan,Fardon,kfardonmb@bloglines.com,Male,46.154.203.38
805,Nikolaus,Chadburn,nchadburnmc@washington.edu,Male,25.176.221.111
806,Shelby,Downage,sdownagemd@java.com,Male,112.198.174.88
807,Kaleena,Wank,kwankme@unicef.org,Female,100.202.136.15
808,Tynan,Prattington,tprattingtonmf@sciencedirect.com,Male,76.76.69.66
809,Patrick,Swadden,pswaddenmg@dagondesign.com,Male,173.127.225.98
810,Hanan,Scrymgeour,hscrymgeourmh@de.vu,Male,129.184.224.193
811,Alford,Brookfield,abrookfieldmi@yelp.com,Male,82.250.103.238
812,Paddy,Empson,pempsonmj@taobao.com,Male,49.128.243.9
813,Jonah,Welband,jwelbandmk@fc2.com,Male,15.62.83.156
814,Barth,Comben,bcombenml@nasa.gov,Male,209.124.168.120
815,Nevins,Slack,nslackmm@zdnet.com,Male,189.22.177.158
816,Biron,Asken,baskenmn@deliciousdays.com,Male,6.177.55.163
817,Kristal,Winchcombe,kwinchcombemo@irs.gov,Female,134.145.169.41
818,Merralee,McInility,mmcinilitymp@t-online.de,Female,68.100.12.184
819,Amabelle,Bailles,abaillesmq@aboutads.info,Female,118.186.227.183
820,Lucia,Harhoff,lharhoffmr@flavors.me,Female,196.131.255.43
821,Adrian,Deeprose,adeeprosems@exblog.jp,Female,28.67.40.242
822,Carolyne,Cord,ccordmt@devhub.com,Female,107.28.15.169
823,Vivian,Boxen,vboxenmu@canalblog.com,Female,238.171.15.130
824,Marlin,De Fraine,mdefrainemv@diigo.com,Male,222.88.22.146
825,Bernhard,Daens,bdaensmw@seattletimes.com,Male,100.185.238.87
826,Roslyn,Dunthorn,rdunthornmx@google.com,Female,218.218.36.175
827,Roman,Ranfield,rranfieldmy@army.mil,Male,104.64.202.133
828,Herculie,Mulrooney,hmulrooneymz@nyu.edu,Male,61.130.82.181
829,Xever,Yakubowicz,xyakubowiczn0@whitehouse.gov,Male,108.172.68.210
830,Elena,Burehill,eburehilln1@twitter.com,Female,208.99.100.171
831,Ritchie,Hardy,rhardyn2@google.com.au,Male,78.126.173.69
832,Hortensia,Idell,hidelln3@oakley.com,Female,8.79.90.148
833,Tiler,Broady,tbroadyn4@cyberchimps.com,Male,174.203.138.192
834,Reyna,Enders,rendersn5@reddit.com,Female,245.221.111.140
835,Annabel,Nicholson,anicholsonn6@cdbaby.com,Female,112.147.19.47
836,Dot,Bloan,dbloann7@vinaora.com,Female,80.240.234.215
837,Larina,Airey,laireyn8@amazon.co.jp,Female,255.105.150.247
838,Steffi,Bilbrooke,sbilbrooken9@senate.gov,Female,225.164.205.220
839,Nanny,Harrinson,nharrinsonna@shutterfly.com,Female,44.126.155.49
840,Roman,Louiset,rlouisetnb@discovery.com,Male,107.103.175.225
841,Penelope,Skeats,pskeatsnc@jalbum.net,Female,134.183.134.122
842,Teddy,Sloan,tsloannd@google.com.hk,Male,194.130.200.97
843,Ailey,Andrewartha,aandrewarthane@twitter.com,Female,64.97.163.28
844,Jenilee,Cowlard,jcowlardnf@un.org,Female,196.184.210.155
845,Kirbee,Rizzotto,krizzottong@fema.gov,Female,218.44.215.210
846,Dex,Ingliss,dinglissnh@hibu.com,Male,88.1.238.79
847,Mozelle,Divis,mdivisni@time.com,Female,20.110.67.148
848,Dennison,Ambrosio,dambrosionj@ihg.com,Male,203.242.151.28
849,Ford,Wilks,fwilksnk@illinois.edu,Male,43.32.167.145
850,Charyl,Fetherstone,cfetherstonenl@un.org,Female,29.236.253.93
851,Teodor,Schroeder,tschroedernm@nbcnews.com,Male,134.123.90.104
852,Bertha,Scaddon,bscaddonnn@stumbleupon.com,Female,36.186.191.149
853,Giuseppe,Filipputti,gfilipputtino@telegraph.co.uk,Male,151.116.246.210
854,Dominik,Ody,dodynp@mediafire.com,Male,9.100.192.146
855,Rawley,Camm,rcammnq@arstechnica.com,Male,227.43.8.25
856,Heriberto,Reuss,hreussnr@opera.com,Male,22.249.12.2
857,Rodrigo,Wallsam,rwallsamns@ustream.tv,Male,15.65.146.81
858,Querida,Holsey,qholseynt@xinhuanet.com,Female,16.52.156.8
859,Al,Mulloch,amullochnu@statcounter.com,Male,233.42.75.34
860,Darrelle,Ardron,dardronnv@t.co,Female,162.205.82.172
861,Guillermo,Mityashev,gmityashevnw@gmpg.org,Male,201.201.85.38
862,Colby,Rheam,crheamnx@cdc.gov,Male,55.171.86.11
863,Katrina,Tripean,ktripeanny@etsy.com,Female,255.185.237.131
864,Redford,Gaitley,rgaitleynz@yellowpages.com,Male,191.183.129.68
865,Ealasaid,Crallan,ecrallano0@multiply.com,Female,52.243.175.229
866,Langston,Gino,lginoo1@dagondesign.com,Male,187.241.18.49
867,Nichole,Silvester,nsilvestero2@blogtalkradio.com,Male,133.212.31.20
868,Maegan,Jakubovsky,mjakubovskyo3@networkadvertising.org,Female,239.15.14.186
869,Aloin,Bantham,abanthamo4@networksolutions.com,Male,228.113.28.60
870,Elijah,Muschette,emuschetteo5@goo.ne.jp,Male,81.154.252.62
871,Ogdan,Dunsford,odunsfordo6@walmart.com,Male,6.118.94.59
872,Flor,Ollive,folliveo7@miitbeian.gov.cn,Female,226.5.149.206
873,Malinde,Cushion,mcushiono8@delicious.com,Female,170.227.29.240
874,Hayward,Stoddart,hstoddarto9@springer.com,Male,178.10.74.104
875,Katharyn,Leamon,kleamonoa@angelfire.com,Female,227.247.117.162
876,Leonanie,OIlier,loilierob@deviantart.com,Female,121.94.66.171
877,Anthe,Wolstencroft,awolstencroftoc@t.co,Female,233.66.75.26
878,Nil,Jillitt,njillittod@epa.gov,Male,151.228.135.126
879,Fritz,Sterricks,fsterricksoe@about.me,Male,158.126.248.217
880,Kalle,Pattini,kpattiniof@si.edu,Male,111.178.235.245
881,Domeniga,Spinello,dspinelloog@pcworld.com,Female,94.126.150.213
882,Owen,Fulle,ofulleoh@webs.com,Male,238.211.199.72
883,Lizette,Rolling,lrollingoi@naver.com,Female,125.202.208.226
884,Gregorio,Newnham,gnewnhamoj@networkadvertising.org,Male,90.110.218.57
885,Thomasa,Boteman,tbotemanok@infoseek.co.jp,Female,122.92.74.237
886,Joseito,Heady,jheadyol@360.cn,Male,3.170.72.255
887,Hubey,Milton-White,hmiltonwhiteom@flavors.me,Male,45.236.136.201
888,Florinda,Boscott,fboscotton@shop-pro.jp,Female,221.197.255.25
889,August,Bracci,abraccioo@multiply.com,Male,234.176.76.122
890,Chrysa,Pearsey,cpearseyop@vimeo.com,Female,183.144.176.0
891,Merissa,Jindacek,mjindacekoq@creativecommons.org,Female,242.216.1.205
892,Darla,Gullane,dgullaneor@123-reg.co.uk,Female,19.248.86.185
893,Lilla,Effemy,leffemyos@cargocollective.com,Female,101.17.43.24
894,Alf,Easter,aeasterot@cam.ac.uk,Male,254.52.205.198
895,Ashleigh,Greatbach,agreatbachou@imdb.com,Female,90.252.88.115
896,Berri,Kybird,bkybirdov@barnesandnoble.com,Female,146.70.96.178
897,Niles,Basilio,nbasilioow@cargocollective.com,Male,11.40.167.136
898,Trueman,Enefer,teneferox@cbsnews.com,Male,138.227.84.88
899,Lucais,Liepmann,lliepmannoy@phoca.cz,Male,111.65.19.193
900,Thorsten,Millgate,tmillgateoz@multiply.com,Male,187.6.13.208
901,Fidole,Nannizzi,fnannizzip0@theglobeandmail.com,Male,158.118.56.45
902,Scottie,Sotheron,ssotheronp1@eepurl.com,Male,21.123.72.195
903,Georgena,Harbison,gharbisonp2@home.pl,Female,223.111.180.225
904,Brannon,Necrews,bnecrewsp3@tmall.com,Male,181.239.116.59
905,Henri,Camillo,hcamillop4@geocities.com,Male,157.3.112.159
906,Mannie,Dearnaly,mdearnalyp5@google.it,Male,82.43.74.101
907,Jonell,Gable,jgablep6@trellian.com,Female,46.255.83.9
908,Jillane,Sneezum,jsneezump7@craigslist.org,Female,108.189.91.77
909,Leora,MacLeese,lmacleesep8@newyorker.com,Female,239.86.227.165
910,Roscoe,Hugnin,rhugninp9@boston.com,Male,197.136.149.24
911,Evie,Cowling,ecowlingpa@marriott.com,Female,191.145.197.29
912,Allister,Brockley,abrockleypb@webnode.com,Male,7.85.207.60
913,Burtie,Habden,bhabdenpc@blogtalkradio.com,Male,240.46.60.184
914,Kaela,Bohin,kbohinpd@i2i.jp,Female,63.170.44.75
915,Pennie,Purkiss,ppurkisspe@imgur.com,Female,247.248.94.147
916,Hortense,Bisco,hbiscopf@uol.com.br,Female,173.158.63.140
917,Hamlin,Ackwood,hackwoodpg@tuttocitta.it,Male,215.247.136.58
918,Hube,Unwins,hunwinsph@jugem.jp,Male,235.246.105.94
919,Monro,Cutmare,mcutmarepi@samsung.com,Male,24.12.186.0
920,Lotty,Burdus,lburduspj@wp.com,Female,131.51.242.125
921,Aldous,Chinnick,achinnickpk@yahoo.co.jp,Male,3.207.110.254
922,Phedra,Birtwhistle,pbirtwhistlepl@indiegogo.com,Female,74.197.196.248
923,Magdalene,Redemile,mredemilepm@cnet.com,Female,155.67.131.28
924,Audie,Ponde,apondepn@scientificamerican.com,Female,128.153.0.57
925,Fenelia,Mix,fmixpo@mysql.com,Female,209.118.69.44
926,Devin,Blackburn,dblackburnpp@house.gov,Female,116.232.200.223
927,Aharon,Edgeler,aedgelerpq@time.com,Male,253.175.152.139
928,Rafaello,O'Luby,rolubypr@tuttocitta.it,Male,137.154.27.70
929,Basilius,Crofts,bcroftsps@de.vu,Male,164.19.246.218
930,Tanner,Knightly,tknightlypt@jiathis.com,Male,0.67.150.92
931,Debra,Basnall,dbasnallpu@wired.com,Female,30.254.86.221
932,Babbie,Germon,bgermonpv@fda.gov,Female,94.89.35.20
933,Natal,Djurdjevic,ndjurdjevicpw@unicef.org,Male,224.66.222.72
934,Felecia,Handscomb,fhandscombpx@mapy.cz,Female,120.22.203.68
935,Griffin,Maddie,gmaddiepy@fotki.com,Male,139.186.216.17
936,Huberto,Sein,hseinpz@house.gov,Male,214.118.238.0
937,Rudyard,Starie,rstarieq0@acquirethisname.com,Male,200.132.124.151
938,Nicol,Gillice,ngilliceq1@wp.com,Male,3.212.61.183
939,Maryann,Symper,msymperq2@huffingtonpost.com,Female,178.67.235.51
940,Fredric,Tilliard,ftilliardq3@discovery.com,Male,34.79.132.243
941,Edwina,Giovanardi,egiovanardiq4@macromedia.com,Female,150.231.29.33
942,Saxon,Dulany,sdulanyq5@home.pl,Male,5.190.162.240
943,Eba,Cattemull,ecattemullq6@elegantthemes.com,Female,14.53.140.213
944,Philip,Kain,pkainq7@opera.com,Male,207.173.47.105
945,Sholom,Dewberry,sdewberryq8@slate.com,Male,223.35.73.46
946,Cobbie,McNeill,cmcneillq9@usnews.com,Male,34.225.222.5
947,Rois,Reichhardt,rreichhardtqa@histats.com,Female,251.1.24.220
948,Reginauld,Calway,rcalwayqb@fda.gov,Male,110.94.68.36
949,Jamesy,Sturman,jsturmanqc@ow.ly,Male,230.66.171.157
950,Rodrique,Iohananof,riohananofqd@ftc.gov,Male,173.138.7.48
951,Gale,Launder,glaunderqe@rambler.ru,Male,120.213.190.212
952,Andreas,Ranken,arankenqf@jigsy.com,Male,10.144.172.247
953,Harland,Tutsell,htutsellqg@smh.com.au,Male,7.47.91.113
954,Kenneth,Vial,kvialqh@cafepress.com,Male,0.25.166.35
955,Roxine,Mattisson,rmattissonqi@paginegialle.it,Female,204.128.153.72
956,Vonnie,Magister,vmagisterqj@diigo.com,Female,175.87.45.196
957,Liliane,Sampey,lsampeyqk@nbcnews.com,Female,137.65.212.249
958,Dona,Chevins,dchevinsql@ezinearticles.com,Female,186.191.210.116
959,Delly,Marzellano,dmarzellanoqm@soundcloud.com,Female,151.7.204.167
960,Den,Liley,dlileyqn@ehow.com,Male,247.196.15.181
961,Antonie,Baterip,abateripqo@imdb.com,Female,114.42.146.223
962,Con,Gero,cgeroqp@last.fm,Female,149.5.210.97
963,Ichabod,Endecott,iendecottqq@elpais.com,Male,232.58.117.70
964,Aleksandr,Custed,acustedqr@noaa.gov,Male,76.99.172.188
965,Whit,Sellars,wsellarsqs@odnoklassniki.ru,Male,199.191.241.233
966,Erich,Dobel,edobelqt@printfriendly.com,Male,140.203.41.166
967,Kerwinn,Trillow,ktrillowqu@jalbum.net,Male,178.190.7.113
968,Gretchen,Bunnell,gbunnellqv@bloglovin.com,Female,138.221.172.227
969,Cassie,Abbet,cabbetqw@hostgator.com,Male,135.185.74.114
970,Ingmar,Petrol,ipetrolqx@ucla.edu,Male,73.11.45.155
971,Chloris,Duthie,cduthieqy@about.com,Female,49.31.67.229
972,Toddy,Laxtonne,tlaxtonneqz@washingtonpost.com,Male,77.19.170.106
973,Alyse,Crowthe,acrowther0@ucla.edu,Female,17.154.102.60
974,Bev,Dominico,bdominicor1@rakuten.co.jp,Male,60.228.135.125
975,Rica,Pentelow,rpentelowr2@java.com,Female,78.194.181.43
976,Kevin,Tschirasche,ktschirascher3@pen.io,Male,81.222.229.149
977,Standford,Buye,sbuyer4@nbcnews.com,Male,217.22.172.206
978,Powell,Wehden,pwehdenr5@list-manage.com,Male,247.194.234.124
979,Alta,Rosencwaig,arosencwaigr6@hexun.com,Female,86.42.11.102
980,Maura,Guerreiro,mguerreiror7@pagesperso-orange.fr,Female,11.156.12.59
981,Marnia,Squibbes,msquibbesr8@1und1.de,Female,60.240.207.233
982,Eduardo,Ather,eatherr9@1688.com,Male,95.234.30.26
983,Birdie,Shalloo,bshalloora@bbb.org,Female,209.163.139.29
984,Pippo,Spohr,pspohrrb@squidoo.com,Male,188.88.51.145
985,Osborn,Hanbury-Brown,ohanburybrownrc@is.gd,Male,245.201.130.37
986,Bram,Larwood,blarwoodrd@cbsnews.com,Male,5.161.199.252
987,Dorice,Biss,dbissre@friendfeed.com,Female,230.74.221.220
988,Herculie,Karlolak,hkarlolakrf@histats.com,Male,59.249.165.108
989,Mary,Gregori,mgregorirg@mashable.com,Female,50.139.182.237
990,Brande,Durtnall,bdurtnallrh@storify.com,Female,21.174.172.243
991,Leonard,Takis,ltakisri@theatlantic.com,Male,55.67.202.157
992,Laney,Douse,ldouserj@earthlink.net,Male,57.155.155.110
993,Lezley,Valens-Smith,lvalenssmithrk@latimes.com,Male,20.33.58.214
994,Ketti,Mewis,kmewisrl@bbc.co.uk,Female,234.174.27.204
995,Delores,Poulter,dpoulterrm@biblegateway.com,Female,92.180.160.245
996,Adaline,Teale,atealern@fotki.com,Female,148.51.151.28
997,Carolann,Weems,cweemsro@sitemeter.com,Female,23.246.209.138
998,Abraham,Bougourd,abougourdrp@nature.com,Male,194.90.242.12
999,Zelda,Jaquet,zjaquetrq@dagondesign.com,Female,11.195.171.8
1000,Dugald,Rockhill,drockhillrr@jigsy.com,Male,217.100.66.90
